"avtp","starsf1","ricf1"
0.0975349958231059,0.660869565217391,0.325581395348837
