"avtp","starsf1","ricf1"
0.132684086257812,0.199376947040498,0
