"avtp","starsf1","ricf1"
0.126049881944922,0.439048811013767,0
