"avtp","starsf1","ricf1"
0.0926582460319506,0.544205222171324,0
