"avtp","starsf1","ricf1"
0.147018378125,0.155887230514096,0
