"avtp","starsf1","ricf1"
0.0975349958231059,0.320699708454811,0
