"avtp","starsf1","ricf1"
0.126049881944922,0.188282423635453,0
