"avtp","starsf1","ricf1"
0.102668416655901,0.576248313090418,0.0334029227557411
