"avtp","starsf1","ricf1"
0.13966745921875,0.779273216689098,0.0670926517571885
