"avtp","starsf1","ricf1"
0.132684086257812,0.490503715937242,0
