"avtp","starsf1","ricf1"
0.108072017532527,0.554066130473637,0.158038147138965
