"avtp","starsf1","ricf1"
0.113760018455292,0.327835051546392,0.01
