"avtp","starsf1","ricf1"
0.0880253337303531,0.282390269698572,0
