"avtp","starsf1","ricf1"
0.147018378125,0.672043010752688,0.0133630289532294
