"avtp","starsf1","ricf1"
0.126049881944922,0.28365878725591,0
