"avtp","starsf1","ricf1"
0.13966745921875,0.057230454777721,0
