"avtp","starsf1","ricf1","scaledlassof1","tigerf1"
0.193589743589744,0.646616541353383,0.477794793261868,0.531506849315068,0.505897771952818
