"avtp","starsf1","ricf1"
0.211538461538462,0.820512820512821,0.64294790343075
