"avtp","starsf1","ricf1"
0.119747387847676,0.420111731843575,0
