"avtp","starsf1","ricf1"
0.0836240670438354,0.457746478873239,0.122641509433962
