"avtp","starsf1","ricf1"
0.147018378125,0.46797385620915,0.0490196078431373
