"avtp","starsf1","ricf1"
0.113760018455292,0.689393939393939,0.00699300699300699
