"avtp","starsf1","ricf1"
0.147018378125,0.162726772952172,0
