"avtp","starsf1","ricf1"
0.132684086257812,0.604898828541001,0.019672131147541
