"avtp","starsf1","ricf1"
0.113760018455292,0.493848857644991,0.0604026845637584
