"avtp","starsf1","ricf1"
0.108072017532527,0.0506855006231824,0
